MiniDeviceId,DeviceTimeStamp,Latitude,Longitude,TempC,Humidity,PM1,PM25,PM10,CO,VBat
E8F2914199DC,2021-04-15 10:40:38.000,42.37981796,-71.09919739,19.96,56.4,30.99,33.37,33.95,6.8,3.857
E8F2914199DC,2021-04-15 10:40:59.000,42.37982559,-71.09915161,19.93,53.92,29.1,31.22,31.65,5.21,3.85
E8F2914199DC,2021-04-15 10:41:20.000,42.37988663,-71.09912109,20.19,54.76,30.2,32.49,33.02,5.14,3.842
E8F2914199DC,2021-04-15 10:41:41.000,42.37989044,-71.09910583,20.06,52.91,28.73,30.38,30.38,4.34,4.07
E8F2914199DC,2021-04-15 10:42:02.000,42.37995148,-71.09907532,20.04,52.24,28.41,30.04,30.04,4.33,4.079
E8F2914199DC,2021-04-15 10:42:23.000,42.37995529,-71.09907532,20.19,52.1,27.38,28.96,28.96,4.73,4.076
E8F2914199DC,2021-04-15 10:42:44.000,42.37989807,-71.09906769,20.19,51.4,25.74,27.22,27.22,4.44,4.081
E8F2914199DC,2021-04-15 10:43:05.000,42.37994003,-71.09903717,20.34,51.05,25.89,27.37,27.37,4.11,4.088
E8F2914199DC,2021-04-15 10:43:26.000,42.37992477,-71.09899139,20.19,50.51,26.36,27.87,27.87,4.25,4.085
E8F2914199DC,2021-04-15 10:43:36.000,42.37992477,-71.09899139,20.25,51.62,22.5,23.79,23.79,4.72,4.106
E8F2914199DC,2021-04-15 10:43:57.000,42.37994003,-71.09902191,20.37,49.4,24.78,26.53,26.85,3.28,4.091
E8F2914199DC,2021-04-15 10:44:18.000,42.37997055,-71.09898376,20.3,49.23,24.99,28.02,29.56,3.92,4.102
E8F2914199DC,2021-04-15 10:44:39.000,42.3799324,-71.09900665,20.28,49.93,16.66,19.09,20.53,3.79,4.106
E8F2914199DC,2021-04-15 10:45:00.000,42.37990189,-71.09906769,20.3,48.36,25.98,27.47,27.47,3.11,4.11
E8F2914199DC,2021-04-15 10:45:21.000,42.37989807,-71.09907532,20.31,50.09,21.79,23.04,23.04,4.43,4.104
E8F2914199DC,2021-04-15 10:45:42.000,42.37994003,-71.09906006,20.25,48.5,22.97,24.29,24.29,4.15,4.11
E8F2914199DC,2021-04-15 10:46:03.000,42.37992096,-71.09911346,20.3,48.54,19.47,20.59,20.59,3.41,4.109
E8F2914199DC,2021-04-15 10:46:24.000,42.37989807,-71.09912872,20.19,48.54,24.22,25.62,25.62,3.51,4.107
E8F2914199DC,2021-04-15 10:46:45.000,42.37992477,-71.09911346,20.37,48.99,20.74,21.93,21.93,3.32,4.112
E8F2914199DC,2021-04-15 10:47:06.000,42.37992859,-71.09910583,20.32,48.24,21.04,22.25,22.25,3.46,4.109
E8F2914199DC,2021-04-15 10:47:27.000,42.37992859,-71.09907532,20.28,48.92,32.99,34.89,34.89,3.8,4.109
E8F2914199DC,2021-04-15 10:47:48.000,42.37997437,-71.0990448,20.37,49.66,28.62,30.27,30.27,3.74,4.112
E8F2914199DC,2021-04-15 10:48:09.000,42.37997055,-71.09906006,20.28,49.71,24.3,27.41,29.09,3.68,4.119
E8F2914199DC,2021-04-15 10:48:30.000,42.37998199,-71.0990448,20.37,49.04,25.31,26.77,26.77,3.84,4.112
E8F2914199DC,2021-04-15 10:48:51.000,42.37997818,-71.09903717,20.43,49,24.61,26.37,26.71,4.12,4.118
E8F2914199DC,2021-04-15 10:49:12.000,42.37996292,-71.09905243,20.28,49.07,22.25,23.53,23.53,3.62,4.106
E8F2914199DC,2021-04-15 10:49:33.000,42.38000107,-71.09900665,20.26,49.3,32.61,34.48,34.48,3.59,4.124
E8F2914199DC,2021-04-15 10:49:54.000,42.37996674,-71.09903717,20.24,49.28,22.33,23.62,23.62,4.26,4.127
E8F2914199DC,2021-04-15 10:50:15.000,42.37998962,-71.09903717,20.43,49.67,16.59,18.42,19.27,1.86,4.119
E8F2914199DC,2021-04-15 10:50:36.000,42.37992477,-71.09903717,20.21,48.01,22.59,24.1,24.31,1.09,4.125
E8F2914199DC,2021-04-15 10:50:57.000,42.37994385,-71.09899139,20.06,44.55,17.92,19.65,20.33,1.26,4.124
E8F2914199DC,2021-04-15 10:51:18.000,42.38000107,-71.09906006,19.95,46.29,14.42,15.47,15.69,1.74,4.11
E8F2914199DC,2021-04-15 10:51:39.000,42.37986374,-71.09911346,19.85,45.92,13.67,15.18,15.88,-1.5,4.118
E8F2914199DC,2021-04-15 10:52:00.000,42.37980652,-71.09911346,19.5,44.83,15.03,15.89,15.89,0.41,4.113
E8F2914199DC,2021-04-15 10:52:21.000,42.37984467,-71.09911346,19.34,46.65,18.93,20.1,20.18,2.03,4.127
E8F2914199DC,2021-04-15 10:52:42.000,42.37992859,-71.09905243,19.45,47.74,16.53,17.48,17.48,1.39,4.125
E8F2914199DC,2021-04-15 10:53:03.000,42.37990189,-71.09915161,19.43,48.13,15.61,16.51,16.51,1.6,4.124
E8F2914199DC,2021-04-15 10:53:24.000,42.37988663,-71.09910583,19.25,45.99,12.42,13.13,13.13,0.8,4.128
E8F2914199DC,2021-04-15 10:53:45.000,42.37986374,-71.09912872,19.07,45.45,11.79,12.47,12.47,-0.32,4.127
E8F2914199DC,2021-04-15 10:54:06.000,42.37993622,-71.09918213,18.86,46.29,12.06,12.79,12.82,-0.06,4.131
E8F2914199DC,2021-04-15 10:54:27.000,42.37994385,-71.09924316,18.86,46.81,11.37,14.85,17.59,0.58,4.137
E8F2914199DC,2021-04-15 10:54:48.000,42.3799324,-71.09919739,18.83,46.29,13.28,14.93,15.79,-0.03,4.13
E8F2914199DC,2021-04-15 10:55:09.000,42.3799324,-71.09894562,18.69,48.69,16.36,17.62,17.92,1.18,4.125
E8F2914199DC,2021-04-15 10:55:30.000,42.3799057,-71.09896851,18.82,49.68,14.44,15.27,15.27,2.13,4.143
E8F2914199DC,2021-04-15 10:55:51.000,42.3799057,-71.09906769,18.57,48.74,11.67,13.3,14.23,1.03,4.137
E8F2914199DC,2021-04-15 10:56:12.000,42.37988281,-71.09911346,18.59,48.36,14.57,15.53,15.65,0.77,4.14
E8F2914199DC,2021-04-15 10:56:33.000,42.37987137,-71.09915924,18.57,49.69,17.87,18.89,18.89,0.86,4.136
E8F2914199DC,2021-04-15 10:56:54.000,42.37985229,-71.09919739,18.44,50.24,16.01,16.93,16.93,1.57,4.142
E8F2914199DC,2021-04-15 10:57:15.000,42.37986374,-71.09916687,18.44,47.98,10.96,11.77,11.93,1.08,4.146
E8F2914199DC,2021-04-15 10:57:36.000,42.37988663,-71.09912109,18.5,48.2,11.62,12.29,12.29,1.4,4.152
E8F2914199DC,2021-04-15 10:57:57.000,42.37989426,-71.09909058,18.69,49.03,15.19,16.06,16.06,1.9,4.149
E8F2914199DC,2021-04-15 10:58:18.000,42.37988663,-71.09912109,18.79,49.43,11.25,12.34,12.77,1.54,4.145
E8F2914199DC,2021-04-15 10:58:39.000,42.37990952,-71.09909821,18.58,48.36,12.92,14.1,14.52,1.11,4.136
E8F2914199DC,2021-04-15 10:59:00.000,42.37991333,-71.09908295,18.5,49.53,19.07,20.16,20.16,1.12,4.149
E8F2914199DC,2021-04-15 10:59:21.000,42.37989044,-71.09907532,18.57,51.41,21.52,23.72,24.66,2.3,4.149
E8F2914199DC,2021-04-15 10:59:42.000,42.37984848,-71.09911346,18.79,50.89,20.64,22.38,22.91,1.61,4.161
E8F2914199DC,2021-04-15 11:00:03.000,42.37975311,-71.09912872,18.5,50.14,15.11,15.98,15.98,1.57,4.164
E8F2914199DC,2021-04-15 11:00:24.000,42.37984848,-71.09907532,18.57,48.17,8.86,9.94,10.49,0.24,4.149
E8F2914199DC,2021-04-15 11:00:45.000,42.37974548,-71.09911346,18.58,48.69,9.07,9.59,9.59,0.09,4.154
E8F2914199DC,2021-04-15 11:01:06.000,42.37975311,-71.09910583,18.57,47.28,14.25,15.06,15.06,-0.23,4.158
E8F2914199DC,2021-04-15 11:01:27.000,42.3799057,-71.09902954,18.57,48.94,10.29,10.88,10.88,0.38,4.157
E8F2914199DC,2021-04-15 11:01:48.000,42.37985611,-71.09908295,18.3,48.9,15.22,16.64,17.16,0.24,4.164
E8F2914199DC,2021-04-15 11:02:09.000,42.37988663,-71.09906006,18.2,50.1,13.77,14.56,14.56,0.64,4.163
E8F2914199DC,2021-04-15 11:02:30.000,42.37987518,-71.09908295,18.3,48.63,13.32,14.09,14.09,0.12,4.176
E8F2914199DC,2021-04-15 11:02:51.000,42.37992477,-71.09903717,18.29,49.8,13.07,14.57,15.31,0.71,4.16
E8F2914199DC,2021-04-15 11:03:12.000,42.37989807,-71.09899902,18.2,49.49,20.17,21.33,21.33,1.15,4.166
E8F2914199DC,2021-04-15 11:03:33.000,42.3800621,-71.09899139,18.2,49.15,9.57,11.02,11.88,0.43,4.172
E8F2914199DC,2021-04-15 11:03:54.000,42.38001633,-71.09895325,18.2,49.07,21.77,25.66,28.21,0.49,4.164
E8F2914199DC,2021-04-15 11:04:15.000,42.3800354,-71.09894562,18.2,49.2,11.7,12.68,12.99,1.08,4.161
E8F2914199DC,2021-04-15 11:04:57.000,42.37994766,-71.09902954,18.3,49.1,16.49,17.44,17.44,0.52,4.167
E8F2914199DC,2021-04-15 11:05:18.000,42.37989426,-71.09903717,18.01,48.21,11.9,14.35,16.06,-0.61,4.178
E8F2914199DC,2021-04-15 11:05:39.000,42.37977219,-71.09912109,18.06,49.04,15.05,17.06,18.17,0.16,4.176
E8F2914199DC,2021-04-15 11:06:00.000,42.37985992,-71.09910583,18.26,49.97,15.67,17.31,18.02,1.82,4.184
E8F2914199DC,2021-04-15 11:06:21.000,42.37990952,-71.09903717,18.2,51.2,13.48,14.25,14.25,1.73,4.178
E8F2914199DC,2021-04-15 11:06:42.000,42.37987137,-71.09907532,18.2,48.1,8.68,9.46,9.73,-0.22,4.17
E8F2914199DC,2021-04-15 11:07:03.000,42.37984467,-71.09914398,18.2,50.15,11.6,12.45,12.63,0.93,4.179
E8F2914199DC,2021-04-15 11:07:24.000,42.37979126,-71.09918213,18.07,48.43,11.98,13.2,13.72,-0.19,4.181
E8F2914199DC,2021-04-15 11:07:45.000,42.379776,-71.09911346,18.06,50.29,17.23,18.97,19.7,0.57,4.193
E8F2914199DC,2021-04-15 11:08:06.000,42.37977982,-71.09913635,18.01,50.17,11.98,13.23,13.78,0.64,4.19
E8F2914199DC,2021-04-15 11:08:27.000,42.37980652,-71.09914398,18.06,49.75,10.68,11.29,11.29,0.85,4.193
E8F2914199DC,2021-04-15 11:08:48.000,42.37995148,-71.09915161,18.01,48.4,10.43,11.03,11.03,-0.44,4.19
E8F2914199DC,2021-04-15 11:09:09.000,42.37985992,-71.09914398,18.06,49.75,10.72,13.93,16.45,0.51,4.188
E8F2914199DC,2021-04-15 11:09:30.000,42.37981415,-71.09908295,17.94,49.28,12.2,13.71,14.5,0.04,4.196
E8F2914199DC,2021-04-15 11:09:51.000,42.379879,-71.09907532,18.07,51.14,8.94,9.45,9.45,1.03,4.193
E8F2914199DC,2021-04-15 11:10:12.000,42.37988281,-71.09908295,18.07,48.76,10.18,11.46,12.13,0.32,4.193
E8F2914199DC,2021-04-15 11:10:33.000,42.37988281,-71.09906769,17.82,48.1,12.61,13.62,13.91,-0.55,4.197
E8F2914199DC,2021-04-15 11:10:54.000,42.37992477,-71.09903717,17.86,48.99,13.25,14.39,14.76,-0.19,4.197
E8F2914199DC,2021-04-15 11:11:15.000,42.37992477,-71.09903717,17.86,50.1,17.16,18.15,18.15,0.47,4.203
E8F2914199DC,2021-04-15 11:11:36.000,42.37992096,-71.09905243,18.01,50.68,13.92,14.72,14.72,1.14,4.211
E8F2914199DC,2021-04-15 11:11:57.000,42.37990952,-71.09902954,17.87,50.42,9.9,10.47,10.47,1.02,4.2
E8F2914199DC,2021-04-15 11:12:18.000,42.37992477,-71.09899139,18.04,49.46,6.05,6.83,7.25,0.14,4.202
E8F2914199DC,2021-04-15 11:12:39.000,42.37983322,-71.09907532,17.87,50.05,9.33,11.17,12.43,0.48,4.202
E8F2914199DC,2021-04-15 11:13:00.000,42.37978745,-71.09915161,17.82,49.37,11.27,11.92,11.92,0.09,4.2
E8F2914199DC,2021-04-15 11:13:21.000,42.37968445,-71.09934235,17.82,49.78,7.11,7.52,7.52,0.35,4.211
E8F2914199DC,2021-04-15 11:13:42.000,42.37961578,-71.09938049,17.94,51.38,12.77,14.44,15.36,1.33,4.206
E8F2914199DC,2021-04-15 11:14:03.000,42.37963486,-71.09929657,18.01,49.89,8.23,8.7,8.7,0.22,4.208
E8F2914199DC,2021-04-15 11:14:24.000,42.37976837,-71.09915161,18.07,51.13,12.82,13.97,14.37,1.6,4.209
E8F2914199DC,2021-04-15 11:14:45.000,42.37974167,-71.09910583,18.06,51.27,10.99,11.62,11.62,1.42,4.211
E8F2914199DC,2021-04-15 11:15:06.000,42.37976837,-71.09906769,18.26,50.91,12.51,13.23,13.23,1.71,4.202
E8F2914199DC,2021-04-15 11:15:27.000,42.37984467,-71.09908295,18.09,52.24,15.78,16.69,16.69,1.82,4.203
E8F2914199DC,2021-04-15 11:15:48.000,42.37982559,-71.09911346,18.29,50.64,12.62,13.94,14.51,1.73,4.214
E8F2914199DC,2021-04-15 11:16:09.000,42.37987518,-71.09906769,18.21,51.22,11.21,11.85,11.85,1.78,4.208
E8F2914199DC,2021-04-15 11:16:30.000,42.37990189,-71.09895325,18.31,50.9,12.81,13.67,13.78,1.6,4.221
E8F2914199DC,2021-04-15 11:16:51.000,42.37987137,-71.09900665,18.57,51.91,13.45,15.09,15.94,2,4.218
E8F2914199DC,2021-04-15 11:17:12.000,42.37987137,-71.09900665,18.57,51.54,17.24,19.44,20.62,2.39,4.221
E8F2914199DC,2021-04-15 11:17:33.000,42.37982559,-71.09910583,18.61,55.13,20.46,22.89,24.1,3.45,4.221
E8F2914199DC,2021-04-15 11:17:54.000,42.37978745,-71.09906006,18.83,54.88,19.17,20.27,20.27,3.92,4.221
E8F2914199DC,2021-04-15 11:18:15.000,42.37975311,-71.09908295,18.82,54.13,16.35,17.73,18.16,3.96,4.223
E8F2914199DC,2021-04-15 11:18:36.000,42.38001251,-71.0989151,19,55,21.57,23.65,24.46,3.9,4.217
E8F2914199DC,2021-04-15 11:18:57.000,42.37992859,-71.09911346,19.16,54.63,17.68,18.7,18.7,3.93,4.22
E8F2914199DC,2021-04-15 11:19:18.000,42.37991714,-71.09912872,19.19,55.06,23.72,25.79,26.48,4.11,4.224
E8F2914199DC,2021-04-15 11:19:39.000,42.37991714,-71.09911346,19.06,55.15,20.63,21.82,21.82,4.55,4.221
E8F2914199DC,2021-04-15 11:20:00.000,42.37992477,-71.09903717,19.31,54.86,18.3,20.13,20.87,4.31,4.22
E8F2914199DC,2021-04-15 11:20:21.000,42.37991714,-71.09899902,19.43,53.84,15.91,18.56,20.25,4.18,4.23
E8F2914199DC,2021-04-15 11:20:42.000,42.37995529,-71.09895325,19.56,54.01,18.72,20.92,22.01,4.28,4.223
E8F2914199DC,2021-04-15 11:21:03.000,42.37989044,-71.09896851,19.5,53.92,23.04,24.91,25.44,3.98,4.23
E8F2914199DC,2021-04-15 11:21:24.000,42.37984848,-71.09896851,19.56,53.89,19.28,20.39,20.39,4.35,4.221
E8F2914199DC,2021-04-15 11:21:45.000,42.37975311,-71.09899139,19.69,53.53,24.29,26.56,27.42,4.38,4.224
E8F2914199DC,2021-04-15 11:22:06.000,42.37977982,-71.09902954,19.82,53.45,16.89,17.86,17.86,4.38,4.22
E8F2914199DC,2021-04-15 11:22:27.000,42.37985229,-71.09899139,19.69,53.65,21,22.21,22.21,4.37,4.221
E8F2914199DC,2021-04-15 11:22:48.000,42.37988663,-71.09895325,19.82,53.72,26.6,30.01,31.84,4.39,4.233
E8F2914199DC,2021-04-15 11:23:09.000,42.37986374,-71.09900665,19.84,53.35,15.75,16.65,16.65,4.12,4.229
E8F2914199DC,2021-04-15 11:23:30.000,42.37990189,-71.09895325,19.84,53.37,23.24,24.58,24.58,4.11,4.232
E8F2914199DC,2021-04-15 11:23:51.000,42.37986374,-71.09896851,19.88,53.31,15.99,16.91,16.91,4.55,4.232
E8F2914199DC,2021-04-15 11:24:12.000,42.37984467,-71.09899139,20.01,53.33,17.58,18.59,18.59,4.38,4.229
E8F2914199DC,2021-04-15 11:24:33.000,42.37982941,-71.09895325,20.06,53.06,19.22,20.33,20.33,4.34,4.232
E8F2914199DC,2021-04-15 11:24:54.000,42.37991714,-71.09892273,20.06,53.03,18.44,19.5,19.5,4.74,4.239
E8F2914199DC,2021-04-15 11:25:15.000,42.37992477,-71.09895325,20.09,53.03,16.54,17.49,17.49,4.42,4.235
E8F2914199DC,2021-04-15 11:25:36.000,42.37982178,-71.09907532,20.17,53.07,17.71,18.72,18.72,4.26,4.244
E8F2914199DC,2021-04-15 11:25:57.000,42.37986374,-71.09903717,20.19,53.18,26.67,28.2,28.2,4.67,4.226
E8F2914199DC,2021-04-15 11:26:18.000,42.37979889,-71.09902954,20.28,52.7,24.3,25.69,25.69,4.37,4.239
E8F2914199DC,2021-04-15 11:26:39.000,42.37984467,-71.09898376,20.28,52.41,20.78,21.98,21.98,4.17,4.232
E8F2914199DC,2021-04-15 11:27:00.000,42.37996292,-71.09894562,20.21,52.45,18.39,19.45,19.45,4.6,4.247
E8F2914199DC,2021-04-15 11:27:21.000,42.37990189,-71.09895325,20.34,52.57,14.53,16.26,17.13,4.57,4.239
E8F2914199DC,2021-04-15 11:27:42.000,42.37984467,-71.09896088,20.28,52.05,21.87,23.13,23.13,4.72,4.242
E8F2914199DC,2021-04-15 11:28:03.000,42.37979889,-71.09903717,20.4,52.3,17.47,18.47,18.47,4.69,4.248
E8F2914199DC,2021-04-15 11:28:24.000,42.37987518,-71.09898376,20.32,51.82,24.17,26.22,26.87,4.61,4.248
E8F2914199DC,2021-04-15 11:28:45.000,42.37988663,-71.09896088,20.43,52.49,17.14,18.97,19.78,4.73,4.244
E8F2914199DC,2021-04-15 11:29:06.000,42.37991333,-71.09894562,20.37,52.53,17.84,18.87,18.87,4.62,4.241
E8F2914199DC,2021-04-15 11:29:27.000,42.37986374,-71.09896088,20.44,52.51,22.93,25.91,27.52,4.63,4.25
E8F2914199DC,2021-04-15 11:29:48.000,42.37982559,-71.09911346,20.37,52.29,21.16,23.38,24.35,4.73,4.257
E8F2914199DC,2021-04-15 11:30:09.000,42.37982178,-71.09907532,20.44,52.24,15.51,16.58,16.74,4.41,4.251
E8F2914199DC,2021-04-15 11:30:30.000,42.37985992,-71.09896851,20.53,52.19,19.67,20.8,20.8,4.69,4.247
E8F2914199DC,2021-04-15 11:30:51.000,42.37979507,-71.09896851,20.56,51.8,19.79,21.73,22.51,4.63,4.242
E8F2914199DC,2021-04-15 11:31:12.000,42.37981033,-71.09896851,20.5,51.9,17.68,19.95,21.18,4.65,4.251
E8F2914199DC,2021-04-15 11:31:33.000,42.37982559,-71.09901428,20.59,51.82,23.06,24.73,25.07,4.45,4.247
E8F2914199DC,2021-04-15 11:31:54.000,42.37982178,-71.09910583,20.81,51.26,14.32,15.14,15.14,4.83,4.248
E8F2914199DC,2021-04-15 11:32:15.000,42.37983704,-71.09907532,20.56,51.67,13.05,13.8,13.8,4.59,4.256
E8F2914199DC,2021-04-15 11:32:36.000,42.37976837,-71.09914398,20.83,51.36,18.13,20.17,21.13,4.51,4.262
E8F2914199DC,2021-04-15 11:32:57.000,42.37984085,-71.09907532,20.69,50.9,16.73,17.69,17.69,4.8,4.251
E8F2914199DC,2021-04-15 11:33:18.000,42.37988663,-71.09903717,20.75,50.47,26.03,29.11,30.64,4.78,4.266
E8F2914199DC,2021-04-15 11:33:39.000,42.37981415,-71.09903717,20.81,51.16,14.09,14.9,14.9,4.76,4.259
E8F2914199DC,2021-04-15 11:34:00.000,42.37985611,-71.09899139,20.81,50.92,21.27,22.62,22.75,4.76,4.257
E8F2914199DC,2021-04-15 11:34:21.000,42.37986755,-71.09900665,20.82,50.65,15.85,17.12,17.47,4.44,4.257
E8F2914199DC,2021-04-15 11:34:42.000,42.37981033,-71.0990448,20.84,50.92,23.07,26.04,27.65,4.7,4.262
E8F2914199DC,2021-04-15 11:35:03.000,42.37992477,-71.09896851,20.87,50.72,16.18,17.87,18.61,4.14,4.254
E8F2914199DC,2021-04-15 11:35:24.000,42.37990189,-71.09902954,20.81,51.02,16.96,17.94,17.94,4.56,4.263
E8F2914199DC,2021-04-15 11:35:45.000,42.37988663,-71.09899139,20.87,50.37,19.12,20.21,20.21,4.71,4.259
E8F2914199DC,2021-04-15 11:36:06.000,42.37984085,-71.09903717,20.91,50.83,17.82,18.98,19.12,4.65,4.26
E8F2914199DC,2021-04-15 11:36:27.000,42.37981033,-71.09903717,20.93,50.78,16.7,18.26,18.84,4.59,4.271
E8F2914199DC,2021-04-15 11:36:48.000,42.37980652,-71.09902954,20.96,50.65,15,16.83,17.78,4.5,4.269
E8F2914199DC,2021-04-15 11:37:09.000,42.37979507,-71.09902954,21.03,50.99,17.91,18.94,18.94,4.66,4.274
E8F2914199DC,2021-04-15 11:37:30.000,42.37983322,-71.09906006,20.93,50.19,15.56,17.26,18.04,4.57,4.275
E8F2914199DC,2021-04-15 11:37:51.000,42.37988663,-71.09903717,21.07,50.05,19.61,22.06,23.34,4.77,4.268
E8F2914199DC,2021-04-15 11:38:12.000,42.379879,-71.09906769,21.01,49.99,20.65,21.84,21.84,4.53,4.268
E8F2914199DC,2021-04-15 11:38:33.000,42.37989044,-71.09900665,21.09,50.03,18.58,20.41,21.16,4.78,4.272
E8F2914199DC,2021-04-15 11:38:54.000,42.37988663,-71.09905243,21.04,49.75,18.4,20.17,20.86,4.69,4.275
E8F2914199DC,2021-04-15 11:39:15.000,42.37989426,-71.09901428,21.05,49.79,14.73,16.67,17.74,5.03,4.272
E8F2914199DC,2021-04-15 11:39:36.000,42.37986374,-71.09900665,21.16,49.95,15.29,16.17,16.17,4.51,4.277
E8F2914199DC,2021-04-15 11:39:57.000,42.37989426,-71.09896088,21.07,50.21,15.67,16.89,17.2,4.92,4.271
E8F2914199DC,2021-04-15 11:40:18.000,42.37981796,-71.0990448,21.05,49.6,16.73,17.69,17.69,4.85,4.275
E8F2914199DC,2021-04-15 11:40:39.000,42.37985611,-71.09900665,21.1,49.74,16.55,17.5,17.5,4.35,4.283
E8F2914199DC,2021-04-15 11:41:00.000,42.37988663,-71.09897614,21.04,49.89,16.26,21.62,25.91,4.62,4.274
E8F2914199DC,2021-04-15 11:41:21.000,42.37989426,-71.09899139,21.31,49.79,15.18,16.06,16.06,4.94,4.29
E8F2914199DC,2021-04-15 11:41:42.000,42.37988663,-71.09894562,21.05,49.55,15.85,16.76,16.76,4.81,4.284
E8F2914199DC,2021-04-15 11:42:03.000,42.37987137,-71.09894562,21.31,49.62,19.95,21.95,22.79,4.84,4.286
E8F2914199DC,2021-04-15 11:42:24.000,42.37986755,-71.09899902,21.09,49.75,14.67,16.93,18.3,4.84,4.295
E8F2914199DC,2021-04-15 11:42:45.000,42.37989807,-71.09903717,21.05,49.72,15.1,15.97,15.97,4.5,4.292
E8F2914199DC,2021-04-15 11:43:06.000,42.37985611,-71.09902191,21.31,49.75,15.21,16.08,16.08,4.75,4.292
E8F2914199DC,2021-04-15 11:43:26.000,42.37988663,-71.09900665,21.05,49.57,21.11,22.59,22.85,4.48,4.295
E8F2914199DC,2021-04-15 11:43:47.000,42.37990189,-71.09900665,21.31,49.75,17.29,18.28,18.28,5.65,4.302
E8F2914199DC,2021-04-15 11:44:08.000,42.37986374,-71.09900665,21.25,49.87,18.78,19.85,19.85,4.66,4.305
E8F2914199DC,2021-04-15 11:44:30.000,42.37984467,-71.09903717,21.28,50.31,18.85,20.36,20.78,4.49,4.305
E8F2914199DC,2021-04-15 11:44:51.000,42.37981033,-71.09903717,21.18,50.27,18.19,19.62,20,4.85,4.292
E8F2914199DC,2021-04-15 11:45:12.000,42.37981796,-71.09902954,21.25,49.76,15.41,16.29,16.29,4.69,4.305
E8F2914199DC,2021-04-15 11:45:33.000,42.37985992,-71.09906769,21.19,49.59,16.27,17.21,17.21,5.12,4.299
E8F2914199DC,2021-04-15 11:45:54.000,42.37990952,-71.0990448,21.19,50.02,16.63,18.79,19.97,4.74,4.304
E8F2914199DC,2021-04-15 11:46:15.000,42.37989807,-71.0990448,21.31,49.9,16.52,17.47,17.47,4.51,4.298
E8F2914199DC,2021-04-15 11:46:36.000,42.37988663,-71.09900665,21.31,49.88,19.37,21.86,23.2,5.84,4.307
E8F2914199DC,2021-04-15 11:46:57.000,42.37980652,-71.09899902,21.31,49.8,16.67,17.75,17.86,6.07,4.311
E8F2914199DC,2021-04-15 11:47:18.000,42.37981796,-71.09901428,21.28,49.64,13.29,15.44,16.78,5.13,4.316
E8F2914199DC,2021-04-15 11:47:39.000,42.37983704,-71.09903717,21.31,49.7,16.94,17.92,17.92,5.42,4.32
E8F2914199DC,2021-04-15 11:48:00.000,42.37984467,-71.09896851,21.25,50.47,12.57,13.29,13.29,4.26,4.32
E8F2914199DC,2021-04-15 11:48:21.000,42.37996292,-71.09903717,21.32,50.45,13.42,14.2,14.2,4.63,4.32
E8F2914199DC,2021-04-15 11:48:42.000,42.37990952,-71.09899139,21.36,50.34,16.43,17.37,17.37,4,4.325
E8F2914199DC,2021-04-15 11:49:03.000,42.37992477,-71.09897614,21.34,50.17,20.39,22.56,23.52,4.42,4.319
E8F2914199DC,2021-04-15 11:49:24.000,42.37989807,-71.09894562,21.31,49.95,19.38,20.5,20.5,4.54,4.317
E8F2914199DC,2021-04-15 11:49:45.000,42.37989044,-71.09897614,21.36,49.89,17.89,19.62,20.3,4.39,4.317
E8F2914199DC,2021-04-15 11:50:06.000,42.37988281,-71.09899902,21.33,49.74,16.94,17.91,17.91,4.27,4.317
E8F2914199DC,2021-04-15 11:50:27.000,42.37983704,-71.09905243,21.37,49.92,18.29,20.41,21.45,4.25,4.314
E8F2914199DC,2021-04-15 11:50:48.000,42.37987137,-71.0990448,21.36,50.07,19.73,22.21,23.51,4.68,4.308
E8F2914199DC,2021-04-15 11:51:09.000,42.37986755,-71.09906769,21.31,49.81,16.49,17.44,17.44,4.28,4.319
E8F2914199DC,2021-04-15 11:51:30.000,42.37989426,-71.09907532,21.34,50.1,16.11,17.04,17.04,4.99,4.317
E8F2914199DC,2021-04-15 11:51:51.000,42.37985992,-71.09906769,21.38,49.87,23.59,24.95,24.95,5.11,4.314
E8F2914199DC,2021-04-15 11:52:12.000,42.37985229,-71.09906006,21.42,49.87,16.39,18.61,19.84,5.28,4.311
E8F2914199DC,2021-04-15 11:52:33.000,42.37984467,-71.09899902,21.33,50.79,17.83,19.15,19.45,5.67,4.317
E8F2914199DC,2021-04-15 11:52:54.000,42.37989426,-71.09900665,21.31,50.29,20.07,21.23,21.23,5.58,4.32
E8F2914199DC,2021-04-15 11:53:15.000,42.37983704,-71.09896088,21.33,50.37,17.78,18.8,18.8,5.28,4.31
E8F2914199DC,2021-04-15 11:53:36.000,42.37982178,-71.09899139,21.43,50.24,16.61,17.57,17.57,5.47,4.307
E8F2914199DC,2021-04-15 11:53:57.000,42.37984848,-71.09896851,21.32,50.37,15.52,16.71,17.01,5.41,4.319
E8F2914199DC,2021-04-15 11:54:18.000,42.37986755,-71.09900665,21.56,51.1,16.21,17.14,17.14,5.86,4.307
E8F2914199DC,2021-04-15 11:54:39.000,42.37977982,-71.09903717,21.37,51.33,28.07,31.86,33.99,5.92,4.316
E8F2914199DC,2021-04-15 11:55:00.000,42.37982941,-71.09901428,21.36,51.1,16.32,17.75,18.24,5.95,4.307
E8F2914199DC,2021-04-15 11:55:21.000,42.37988281,-71.09901428,21.37,50.78,18.96,20.05,20.05,5.53,4.317
E8F2914199DC,2021-04-15 11:55:42.000,42.37990189,-71.09902191,21.36,51.31,20.76,21.96,21.96,6.13,4.301
E8F2914199DC,2021-04-15 11:56:03.000,42.37988663,-71.0990448,21.32,51.2,16.66,17.62,17.62,5.82,4.31
E8F2914199DC,2021-04-15 11:56:24.000,42.37984085,-71.0990448,21.43,50.77,18.74,19.82,19.82,5.78,4.307
E8F2914199DC,2021-04-15 11:56:45.000,42.37982559,-71.0990448,21.43,50.66,24.52,27.27,28.57,5.54,4.302
E8F2914199DC,2021-04-15 11:57:06.000,42.37982559,-71.09899139,21.43,50.34,16.64,17.59,17.59,5.49,4.314
E8F2914199DC,2021-04-15 11:57:27.000,42.37984848,-71.09903717,21.32,50.74,17.55,18.56,18.56,5.33,4.313
E8F2914199DC,2021-04-15 11:57:48.000,42.37987137,-71.09898376,21.36,50.93,17.38,21.82,25.16,5.26,4.307
E8F2914199DC,2021-04-15 11:58:09.000,42.37984467,-71.09900665,21.43,50.8,16.77,18.23,18.71,5.23,4.304
E8F2914199DC,2021-04-15 11:58:30.000,42.37976456,-71.09909821,21.32,50.77,18.54,19.6,19.6,5.64,4.307
E8F2914199DC,2021-04-15 11:58:51.000,42.37979889,-71.09909821,21.34,50.77,21.32,24.59,26.58,5.69,4.305
E8F2914199DC,2021-04-15 11:59:12.000,42.37988281,-71.09896851,21.28,51.07,18.6,19.67,19.67,5.74,4.307
E8F2914199DC,2021-04-15 11:59:33.000,42.37985992,-71.09899139,21.31,51.2,11.76,12.44,12.44,5.38,4.305
E8F2914199DC,2021-04-15 11:59:54.000,42.37982178,-71.09906769,21.32,51.01,16.66,18.42,19.2,5.48,4.295
E8F2914199DC,2021-04-16 12:00:15.000,42.37987518,-71.09898376,21.36,51.06,16.07,17,17,5.41,4.308
E8F2914199DC,2021-04-16 12:00:36.000,42.37986374,-71.09892273,21.36,51.06,16.45,17.4,17.4,5.72,4.29
E8F2914199DC,2021-04-16 12:00:57.000,42.379879,-71.09896851,21.33,51.06,22.36,23.65,23.65,5.38,4.299
E8F2914199DC,2021-04-16 12:01:18.000,42.37984085,-71.09896088,21.32,51.02,23.74,25.1,25.1,5.42,4.293
E8F2914199DC,2021-04-16 12:01:39.000,42.37984848,-71.09895325,21.31,51.09,19.01,20.59,21.07,5.6,4.298
E8F2914199DC,2021-04-16 12:02:00.000,42.37979126,-71.09898376,21.31,51.3,19.71,20.84,20.84,5.59,4.302
E8F2914199DC,2021-04-16 12:02:21.000,42.37977982,-71.09903717,21.31,51.5,19.06,22.51,24.8,5.78,4.299
E8F2914199DC,2021-04-16 12:02:42.000,42.3798027,-71.09902191,21.31,51.29,16.22,17.96,18.74,5.51,4.304
E8F2914199DC,2021-04-16 12:03:03.000,42.37977982,-71.09903717,21.31,51.19,18.57,20.23,20.82,5.54,4.301
E8F2914199DC,2021-04-16 12:03:24.000,42.37981415,-71.09898376,21.37,50.93,19.88,21.02,21.02,5.71,4.298
E8F2914199DC,2021-04-16 12:03:45.000,42.37980652,-71.09899139,21.34,51.1,15.05,15.92,15.92,5.79,4.299
E8F2914199DC,2021-04-16 12:04:06.000,42.37980652,-71.09900665,21.31,51.24,14.39,15.22,15.22,5.96,4.311
E8F2914199DC,2021-04-16 12:04:27.000,42.37982559,-71.09900665,21.31,50.95,16.54,17.49,17.49,5.72,4.304
E8F2914199DC,2021-04-16 12:04:48.000,42.379776,-71.0990448,21.31,50.69,15.83,16.74,16.74,5.57,4.298
E8F2914199DC,2021-04-16 12:05:09.000,42.37982559,-71.09899139,21.31,51.1,18.7,19.77,19.77,5.62,4.298
E8F2914199DC,2021-04-16 12:05:30.000,42.37983322,-71.09897614,21.31,51.09,19.09,22.07,23.9,5.59,4.299
E8F2914199DC,2021-04-16 12:05:51.000,42.37983704,-71.09899139,21.24,50.79,17.56,18.87,19.17,5.7,4.295
E8F2914199DC,2021-04-16 12:06:12.000,42.37985229,-71.09898376,21.3,51.09,25.89,27.99,28.59,6.12,4.292
E8F2914199DC,2021-04-16 12:06:33.000,42.37987137,-71.09899139,21.31,51.21,21.82,23.38,23.67,6.1,4.295
E8F2914199DC,2021-04-16 12:06:54.000,42.37989426,-71.09898376,21.31,51.15,15.93,16.84,16.84,5.72,4.293
E8F2914199DC,2021-04-16 12:07:15.000,42.37988663,-71.09899139,21.25,51.39,17.62,19.48,20.3,5.68,4.305
E8F2914199DC,2021-04-16 12:07:36.000,42.37987137,-71.09899139,21.05,51.47,17.27,18.26,18.26,6.03,4.301
E8F2914199DC,2021-04-16 12:07:57.000,42.37987137,-71.09902191,21.25,50.95,23.06,25.26,26.11,5.78,4.305
E8F2914199DC,2021-04-16 12:08:18.000,42.37986374,-71.09902191,21.21,51.59,21.3,22.72,22.91,6.15,4.287
E8F2914199DC,2021-04-16 12:08:39.000,42.379879,-71.09899139,21.1,51.48,20.76,22.77,23.56,6.5,4.296
E8F2914199DC,2021-04-16 12:09:00.000,42.37984467,-71.09901428,21.31,51.4,18.52,19.58,19.58,6.5,4.296
E8F2914199DC,2021-04-16 12:09:21.000,42.37987137,-71.09903717,21.19,51.66,21.61,22.86,22.86,6.55,4.295
E8F2914199DC,2021-04-16 12:09:42.000,42.37984467,-71.09901428,21.11,50.98,20.17,21.33,21.33,6.07,4.28
E8F2914199DC,2021-04-16 12:10:03.000,42.37988281,-71.09898376,21.11,51.17,20.46,21.64,21.64,6.28,4.307
E8F2914199DC,2021-04-16 12:10:24.000,42.37988663,-71.09898376,21.03,52,23.12,24.45,24.45,6.41,4.292
E8F2914199DC,2021-04-16 12:10:45.000,42.37982559,-71.09902954,21,51.93,19.94,21.37,21.65,6.2,4.287
E8F2914199DC,2021-04-16 12:11:06.000,42.37989807,-71.09899139,21.15,52.3,21.68,22.93,22.93,6.61,4.29
E8F2914199DC,2021-04-16 12:11:27.000,42.37987518,-71.09900665,21.06,51.84,25.59,27.06,27.06,6.26,4.296
E8F2914199DC,2021-04-16 12:11:48.000,42.3799057,-71.09900665,21.06,52.43,19.86,21.21,21.41,6.98,4.292
E8F2914199DC,2021-04-16 12:12:09.000,42.37992477,-71.09899902,21.05,51.65,21.74,22.99,22.99,6.79,4.296
E8F2914199DC,2021-04-16 12:12:30.000,42.37987518,-71.09903717,21.05,52.29,21.03,22.24,22.24,6.87,4.295
E8F2914199DC,2021-04-16 12:12:51.000,42.37984085,-71.09905243,21.16,52.57,19.98,21.12,21.12,6.81,4.293
E8F2914199DC,2021-04-16 12:13:12.000,42.37983704,-71.09903717,21.17,52.84,23.96,25.34,25.34,6.69,4.286
E8F2914199DC,2021-04-16 12:13:33.000,42.3798027,-71.09902954,21.05,52.53,14.7,15.54,15.54,6.51,4.299
E8F2914199DC,2021-04-16 12:13:54.000,42.37977982,-71.09903717,20.98,52.28,20.08,22.4,23.54,6.6,4.295
E8F2914199DC,2021-04-16 12:14:15.000,42.37978745,-71.09903717,21.25,52.08,16.78,17.74,17.74,6.31,4.283
E8F2914199DC,2021-04-16 12:14:36.000,42.37981033,-71.09903717,21.08,52.59,18.4,19.46,19.46,6.29,4.293
E8F2914199DC,2021-04-16 12:14:57.000,42.37979126,-71.09903717,21.12,52.24,22.45,25.92,28.03,6.51,4.29
E8F2914199DC,2021-04-16 12:15:18.000,42.37977982,-71.09902954,21.12,52.38,16.74,18.37,19.02,6.32,4.289
E8F2914199DC,2021-04-16 12:15:39.000,42.37977982,-71.09903717,21.17,52.16,17.92,18.95,18.95,6.8,4.298
E8F2914199DC,2021-04-16 12:16:00.000,42.37978363,-71.09900665,21.04,52.73,18.58,20.79,21.9,7.17,4.286
E8F2914199DC,2021-04-16 12:16:21.000,42.37979507,-71.09899902,20.94,52.66,18.97,20.06,20.06,7.01,4.293
E8F2914199DC,2021-04-16 12:16:42.000,42.3798027,-71.09899139,21.05,52.98,23.95,25.33,25.33,7.15,4.286
E8F2914199DC,2021-04-16 12:17:03.000,42.37979126,-71.09899139,21.19,52.1,19.43,20.55,20.55,7.37,4.289
E8F2914199DC,2021-04-16 12:17:24.000,42.37979507,-71.09899902,21.12,53.17,23.3,25.58,26.49,7.17,4.296
E8F2914199DC,2021-04-16 12:17:45.000,42.37979126,-71.09901428,21.15,52.55,16.62,17.57,17.57,6.86,4.286
E8F2914199DC,2021-04-16 12:18:06.000,42.37978745,-71.09900665,21.25,52.43,14.09,14.9,14.9,6.86,4.286
E8F2914199DC,2021-04-16 12:18:27.000,42.37978363,-71.09901428,21.05,52.59,19.73,20.87,20.87,6.87,4.289
E8F2914199DC,2021-04-16 12:18:48.000,42.37982559,-71.09897614,20.96,52.57,18.56,19.63,19.63,6.74,4.287
E8F2914199DC,2021-04-16 12:19:09.000,42.37982941,-71.09899139,21.05,52.6,17.27,18.26,18.26,6.85,4.29
E8F2914199DC,2021-04-16 12:19:30.000,42.37983704,-71.09899902,21.09,53.06,16.66,17.62,17.62,7.43,4.295
E8F2914199DC,2021-04-16 12:19:51.000,42.37981415,-71.09903717,21.16,52.85,17.28,18.27,18.27,7.25,4.283
E8F2914199DC,2021-04-16 12:20:12.000,42.37980652,-71.09903717,21.03,53.02,23.67,25.03,25.03,7.22,4.287
E8F2914199DC,2021-04-16 12:20:33.000,42.37981033,-71.09903717,21.13,52.45,21.32,22.54,22.54,6.86,4.292
E8F2914199DC,2021-04-16 12:20:54.000,42.3798027,-71.09905243,21.05,53.06,17.06,18.04,18.04,7.3,4.293
E8F2914199DC,2021-04-16 12:21:15.000,42.37979507,-71.09903717,21.19,52.96,22.57,23.86,23.86,7.11,4.287
E8F2914199DC,2021-04-16 12:21:36.000,42.37977982,-71.09906006,20.93,52.59,19.91,21.06,21.06,7.15,4.281
E8F2914199DC,2021-04-16 12:21:57.000,42.37975311,-71.09906769,21.12,52.65,22.4,23.68,23.68,7.12,4.287
E8F2914199DC,2021-04-16 12:22:18.000,42.37976074,-71.0990448,21.05,52.61,24.76,27.47,28.71,6.88,4.287
E8F2914199DC,2021-04-16 12:22:39.000,42.37976837,-71.09903717,21.08,52.33,21.58,22.84,22.86,6.84,4.286
E8F2914199DC,2021-04-16 12:23:00.000,42.37984467,-71.09902954,21.05,53.01,17.18,18.38,18.6,6.77,4.295
E8F2914199DC,2021-04-16 12:23:21.000,42.37986755,-71.09902954,21.05,53.08,15.46,16.35,16.35,7.07,4.284
E8F2914199DC,2021-04-16 12:23:42.000,42.37986755,-71.09900665,21.05,52.54,16.49,17.44,17.44,7.39,4.28
E8F2914199DC,2021-04-16 12:24:03.000,42.37985229,-71.09902191,21.06,51.99,15.75,16.66,16.66,7.32,4.28
E8F2914199DC,2021-04-16 12:24:24.000,42.37980652,-71.09902954,21.03,52.78,21.25,23.28,24.06,7.6,4.286
E8F2914199DC,2021-04-16 12:24:45.000,42.37979507,-71.09902954,21.04,53.42,23.45,24.8,24.8,7.35,4.283
E8F2914199DC,2021-04-16 12:25:06.000,42.37978745,-71.09902191,21,53.09,18.93,20.02,20.02,7.46,4.287
E8F2914199DC,2021-04-16 12:25:27.000,42.37975311,-71.09901428,20.93,52.99,15.1,15.97,15.97,7.35,4.296
E8F2914199DC,2021-04-16 12:25:48.000,42.37974167,-71.09900665,20.93,52.51,17,18.94,19.87,6.89,4.274
E8F2914199DC,2021-04-16 12:26:09.000,42.37975693,-71.09899139,20.99,52.79,17.47,20.06,21.61,7.07,4.281
E8F2914199DC,2021-04-16 12:26:30.000,42.37976074,-71.09899902,21.04,52.59,15.52,17.32,18.21,6.95,4.286
E8F2914199DC,2021-04-16 12:26:51.000,42.37976074,-71.09899139,21.06,52.76,16.17,17.1,17.1,6.91,4.29
E8F2914199DC,2021-04-16 12:27:12.000,42.37977219,-71.09900665,21.04,52.58,22.58,24.38,24.86,7.31,4.283
E8F2914199DC,2021-04-16 12:27:33.000,42.37978745,-71.09900665,21.19,53.45,16.61,17.57,17.57,7.46,4.28
E8F2914199DC,2021-04-16 12:27:54.000,42.37982559,-71.09897614,20.86,52.7,17.8,18.82,18.82,7.47,4.281
E8F2914199DC,2021-04-16 12:28:15.000,42.37980652,-71.09899902,21.05,52.21,20.72,21.91,21.91,7.51,4.283
E8F2914199DC,2021-04-16 12:28:36.000,42.379776,-71.09902191,21,53.4,20.68,21.87,21.87,7.9,4.287
E8F2914199DC,2021-04-16 12:28:57.000,42.3797493,-71.09901428,21.02,53.01,15.75,17.19,17.72,7.52,4.287
E8F2914199DC,2021-04-16 12:29:18.000,42.37978745,-71.09899902,21,53.24,18.45,19.51,19.51,7.31,4.289
E8F2914199DC,2021-04-16 12:29:39.000,42.37977219,-71.09902954,21.01,53.42,16.47,17.88,18.34,7.52,4.28
E8F2914199DC,2021-04-16 12:30:00.000,42.37978745,-71.09899139,20.87,52.32,20.26,21.42,21.42,7.29,4.283
E8F2914199DC,2021-04-16 12:30:21.000,42.37973785,-71.09900665,20.87,52.71,19.36,21.25,22.01,6.98,4.293
E8F2914199DC,2021-04-16 12:30:42.000,42.37972641,-71.09900665,20.94,53.3,20.01,21.16,21.16,6.98,4.278
E8F2914199DC,2021-04-16 12:31:03.000,42.37975311,-71.09901428,20.92,53.03,19.57,21.1,21.5,7.23,4.28
E8F2914199DC,2021-04-16 12:31:24.000,42.3797493,-71.09902191,20.93,52.75,20.14,21.3,21.3,7.39,4.287
E8F2914199DC,2021-04-16 12:31:45.000,42.37974167,-71.09903717,20.89,53.15,19.3,20.41,20.41,6.92,4.287
E8F2914199DC,2021-04-16 12:32:06.000,42.37977219,-71.09907532,21.06,53.04,17.49,18.5,18.5,7.15,4.287
E8F2914199DC,2021-04-16 12:32:27.000,42.37980652,-71.09906769,20.93,53.31,21.5,22.74,22.74,7.04,4.283
E8F2914199DC,2021-04-16 12:32:48.000,42.37982941,-71.09905243,20.93,53,18.11,19.96,20.74,6.76,4.28
E8F2914199DC,2021-04-16 12:33:09.000,42.37986755,-71.09899139,20.92,51.68,19.92,21.06,21.06,6.5,4.28
E8F2914199DC,2021-04-16 12:33:30.000,42.37989044,-71.09902191,20.81,52.61,20.92,22.12,22.12,6.46,4.28
E8F2914199DC,2021-04-16 12:33:51.000,42.37990189,-71.0990448,20.9,53.12,15.1,15.97,15.97,6.68,4.287
E8F2914199DC,2021-04-16 12:34:12.000,42.37986755,-71.0990448,21.05,53.43,14.4,15.23,15.23,7.18,4.277
E8F2914199DC,2021-04-16 12:34:33.000,42.37986374,-71.09907532,20.93,53.6,17.24,18.23,18.23,7.45,4.275
E8F2914199DC,2021-04-16 12:34:54.000,42.37983322,-71.09903717,20.81,53.07,17.5,18.5,18.5,5.59,4.284
E8F2914199DC,2021-04-16 12:35:15.000,42.37984467,-71.09900665,21.01,53.42,22.88,24.2,24.2,6.28,4.221
E8F2914199DC,2021-04-16 12:35:36.000,42.37981415,-71.09896851,20.87,52.91,18.68,20.77,21.76,6.62,4.221
E8F2914199DC,2021-04-16 12:35:57.000,42.37981796,-71.09899139,21.05,53.19,16.32,17.26,17.26,6.5,4.206
E8F2914199DC,2021-04-16 12:36:18.000,42.37975311,-71.0989151,20.93,53.09,21.07,23.17,24.03,6.79,4.215
E8F2914199DC,2021-04-16 12:36:39.000,42.37977219,-71.09902191,21.01,53.16,16.57,17.81,18.09,6.39,4.211
E8F2914199DC,2021-04-16 12:37:00.000,42.37980652,-71.09903717,21,53.03,16.84,17.81,17.81,6.59,4.208
E8F2914199DC,2021-04-16 12:37:21.000,42.37979507,-71.09900665,21.05,53.43,15.78,16.69,16.69,6.76,4.217
E8F2914199DC,2021-04-16 12:37:42.000,42.3799057,-71.09908295,20.93,53.03,20.36,22.69,23.81,6.78,4.206
E8F2914199DC,2021-04-16 12:38:03.000,42.37987518,-71.09896088,20.93,52.91,16.91,17.88,17.88,6.99,4.202
E8F2914199DC,2021-04-16 12:38:24.000,42.37991714,-71.09894562,21.03,52.6,17.46,19.73,20.96,6.96,4.196
E8F2914199DC,2021-04-16 12:38:45.000,42.37988281,-71.09896851,21.04,52.94,19.34,20.45,20.45,6.98,4.202
E8F2914199DC,2021-04-16 12:39:06.000,42.37985611,-71.09898376,21.01,52.74,15.96,17.49,18.08,6.8,4.215
E8F2914199DC,2021-04-16 12:39:27.000,42.37980652,-71.09896851,21.12,52.65,17.09,18.16,18.24,7.06,4.209
E8F2914199DC,2021-04-16 12:39:48.000,42.37989807,-71.09902954,21.03,52.57,19.01,21.07,22.02,6.99,4.202
E8F2914199DC,2021-04-16 12:40:09.000,42.37992477,-71.09902191,21.03,52.54,17.39,18.39,18.39,6.99,4.205
E8F2914199DC,2021-04-16 12:40:30.000,42.37989807,-71.09893799,21.04,52.64,17.03,18.01,18.01,6.66,4.203
E8F2914199DC,2021-04-16 12:40:51.000,42.37985611,-71.09902954,21,52.67,14.2,15.18,15.35,6.7,4.212
E8F2914199DC,2021-04-16 12:41:12.000,42.37981415,-71.09903717,20.98,52.67,19.67,20.8,20.8,6.74,4.203
E8F2914199DC,2021-04-16 12:41:33.000,42.37985229,-71.09896088,21.06,53.27,14.71,15.55,15.55,6.71,4.199
E8F2914199DC,2021-04-16 12:41:54.000,42.37987137,-71.09894562,21.03,53.09,12.86,13.6,13.6,6.36,4.193
E8F2914199DC,2021-04-16 12:42:15.000,42.3799057,-71.09898376,20.93,53.1,17.47,18.47,18.47,6.58,4.196
E8F2914199DC,2021-04-16 12:42:36.000,42.37984467,-71.09899902,21.03,53.13,18.25,19.3,19.3,6.35,4.199
E8F2914199DC,2021-04-16 12:42:57.000,42.37985611,-71.09890747,21.09,53.18,13.67,14.45,14.45,6.44,4.202
E8F2914199DC,2021-04-16 12:43:18.000,42.37987137,-71.09888458,20.93,52.99,17.5,19.88,21.22,6.62,4.196
E8F2914199DC,2021-04-16 12:43:39.000,42.3799057,-71.09895325,21.05,52.89,19.11,20.52,20.82,6.54,4.188
E8F2914199DC,2021-04-16 12:44:00.000,42.37990952,-71.09895325,21,53.52,16.27,17.77,18.33,6.53,4.194
E8F2914199DC,2021-04-16 12:44:21.000,42.37990952,-71.0989151,20.82,53.09,16.01,16.93,16.93,6.83,4.194
E8F2914199DC,2021-04-16 12:44:42.000,42.37992477,-71.0989151,21.06,53.59,13.9,15.34,15.96,6.53,4.196
E8F2914199DC,2021-04-16 12:45:03.000,42.3799057,-71.09898376,20.93,53.23,17.51,18.52,18.52,6.6,4.199
E8F2914199DC,2021-04-16 12:45:24.000,42.37987137,-71.09900665,21,53.28,12.85,13.59,13.59,6.59,4.187
E8F2914199DC,2021-04-16 12:45:45.000,42.37986755,-71.09896851,20.81,53.4,14.2,15.85,16.66,6.29,4.197
E8F2914199DC,2021-04-16 12:46:06.000,42.37982178,-71.09887695,20.93,52.78,11.58,12.25,12.25,5.73,4.202
E8F2914199DC,2021-04-16 12:46:27.000,42.37990189,-71.0989151,21.04,52.82,13.75,14.54,14.54,5.57,4.197
E8F2914199DC,2021-04-16 12:46:48.000,42.37986374,-71.09892273,21,53.54,14.01,14.81,14.81,6.14,4.191
E8F2914199DC,2021-04-16 12:47:09.000,42.37989044,-71.09898376,20.84,53.19,14.65,15.49,15.49,6.11,4.193
E8F2914199DC,2021-04-16 12:47:30.000,42.37980652,-71.09903717,20.95,53.45,14.64,16.12,16.75,6.24,4.185
E8F2914199DC,2021-04-16 12:47:51.000,42.37979889,-71.09902954,20.91,53.4,13.56,15.43,16.49,6.34,4.197
E8F2914199DC,2021-04-16 12:48:12.000,42.3798027,-71.09896851,20.75,53.22,14.45,15.28,15.28,6.4,4.196
E8F2914199DC,2021-04-16 12:48:33.000,42.37979126,-71.09899139,20.56,53.49,13.09,13.84,13.84,6.49,4.19
E8F2914199DC,2021-04-16 12:48:54.000,42.37980652,-71.09892273,20.92,53.71,13.32,14.29,14.48,5.94,4.197
E8F2914199DC,2021-04-16 12:49:15.000,42.37978363,-71.09892273,20.87,53.41,18.74,21.4,22.93,6.43,4.191
E8F2914199DC,2021-04-16 12:49:36.000,42.37972641,-71.09900665,20.93,53.46,16.26,17.19,17.19,6.6,4.197
E8F2914199DC,2021-04-16 12:49:57.000,42.37983704,-71.09899902,20.92,53.53,14.47,15.3,15.3,6.85,4.188
E8F2914199DC,2021-04-16 12:50:18.000,42.37987518,-71.09899139,20.82,53.43,17.95,21.35,23.65,6.27,4.193
E8F2914199DC,2021-04-16 12:50:39.000,42.37988281,-71.09893799,20.81,53.58,20.9,23.61,25.08,5.92,4.181
E8F2914199DC,2021-04-16 12:51:00.000,42.37979889,-71.09899139,20.84,53.39,12.59,13.32,13.32,6.36,4.191
E8F2914199DC,2021-04-16 12:51:21.000,42.37976074,-71.09907532,20.81,53.68,16.67,17.63,17.63,6.36,4.19
E8F2914199DC,2021-04-16 12:51:42.000,42.37979126,-71.09906769,20.81,53.69,14.88,16.3,16.86,6.19,4.184
E8F2914199DC,2021-04-16 12:52:03.000,42.37984467,-71.09899139,20.81,53.31,13.5,14.27,14.27,5.92,4.191
E8F2914199DC,2021-04-16 12:52:24.000,42.37981796,-71.09898376,20.69,53.53,18.57,19.63,19.63,5.89,4.188
E8F2914199DC,2021-04-16 12:52:45.000,42.37985229,-71.09896088,20.81,53.59,13.77,14.56,14.56,5.59,4.191
E8F2914199DC,2021-04-16 12:53:06.000,42.37986374,-71.09899139,20.82,53.34,12.85,13.59,13.59,4.61,4.191
E8F2914199DC,2021-04-16 12:53:27.000,42.379879,-71.0990448,20.86,53.1,15.06,15.92,15.92,5.48,4.202
E8F2914199DC,2021-04-16 12:53:48.000,42.37990189,-71.09902954,20.81,53.26,13.72,15.26,15.99,5.57,4.179
E8F2914199DC,2021-04-16 12:54:09.000,42.37992859,-71.09901428,20.69,53.31,13.57,14.35,14.35,5.49,4.19
E8F2914199DC,2021-04-16 12:54:30.000,42.37994385,-71.09896851,20.85,53.47,14.33,15.16,15.16,5.81,4.187
E8F2914199DC,2021-04-16 12:54:51.000,42.37998581,-71.0990448,20.84,53.49,16.8,18.69,19.6,5.53,4.197
E8F2914199DC,2021-04-16 12:55:12.000,42.37985992,-71.0990448,20.84,53.78,16.91,17.88,17.88,5.89,4.193
E8F2914199DC,2021-04-16 12:55:33.000,42.37992477,-71.09913635,20.92,53.32,17.57,18.58,18.58,5.63,4.197
E8F2914199DC,2021-04-16 12:55:54.000,42.37990952,-71.09913635,20.81,53.51,13.2,13.95,13.95,5.88,4.197
E8F2914199DC,2021-04-16 12:56:15.000,42.37969971,-71.09911346,20.62,53.37,17.03,18.01,18.01,6.04,4.188
E8F2914199DC,2021-04-16 12:56:36.000,42.37992096,-71.09915161,20.81,53.45,17.19,18.18,18.18,5.69,4.187
E8F2914199DC,2021-04-16 12:56:56.000,42.37989807,-71.09894562,20.69,53.81,14.11,15.41,15.9,6.06,4.185
E8F2914199DC,2021-04-16 12:57:17.000,42.37984085,-71.09911346,20.81,53.87,12.54,13.26,13.26,6.05,4.196
E8F2914199DC,2021-04-16 12:57:38.000,42.37989426,-71.09903717,20.81,53.55,15.76,17.1,17.52,5.53,4.185
E8F2914199DC,2021-04-16 12:58:00.000,42.37989807,-71.09896851,20.75,53.81,14.27,15.76,16.4,6.18,4.188
E8F2914199DC,2021-04-16 12:58:21.000,42.3800087,-71.09895325,20.81,53.48,17.95,20.32,21.62,5.72,4.197
E8F2914199DC,2021-04-16 12:58:42.000,42.37985611,-71.09898376,20.84,53.69,12.76,13.97,14.43,5.74,4.191
E8F2914199DC,2021-04-16 12:59:03.000,42.37982178,-71.09899902,20.84,53.51,16.55,17.77,18.03,5.46,4.191
E8F2914199DC,2021-04-16 12:59:24.000,42.37984467,-71.09910583,20.81,53.48,16.32,17.26,17.26,5.74,4.175
E8F2914199DC,2021-04-16 12:59:45.000,42.37982559,-71.09893799,20.81,53.4,16.27,17.21,17.21,5.81,4.178
E8F2914199DC,2021-04-16 01:00:06.000,42.37990189,-71.09887695,20.81,53.7,14.48,16.42,17.5,5.86,4.187
E8F2914199DC,2021-04-16 01:00:27.000,42.37989044,-71.09906006,20.69,53.85,20.22,21.38,21.38,5.85,4.169
E8F2914199DC,2021-04-16 01:00:48.000,42.37991333,-71.09911346,20.81,54.08,16.75,17.71,17.71,5.73,4.181
E8F2914199DC,2021-04-16 01:01:09.000,42.37995148,-71.09883881,20.67,54.11,15.4,16.29,16.29,5.52,4.175
E8F2914199DC,2021-04-16 01:01:30.000,42.37988663,-71.09895325,20.81,54.08,13.53,14.31,14.31,5.43,4.184
E8F2914199DC,2021-04-16 01:01:51.000,42.37984085,-71.09899139,20.81,54.32,15.18,16.05,16.05,5.79,4.197
E8F2914199DC,2021-04-16 01:02:12.000,42.37989426,-71.09890747,20.69,54.15,16.95,17.93,17.93,5.55,4.172
E8F2914199DC,2021-04-16 01:02:33.000,42.37984467,-71.09895325,20.56,54.07,13.48,14.26,14.26,5.5,4.185
E8F2914199DC,2021-04-16 01:02:54.000,42.37985611,-71.09893799,20.69,54.04,18.5,19.56,19.56,5.56,4.172
E8F2914199DC,2021-04-16 01:03:15.000,42.37977219,-71.09875488,20.69,53.66,17.61,18.62,18.62,5.13,4.176
E8F2914199DC,2021-04-16 01:03:36.000,42.37987137,-71.09895325,20.69,53.76,15.39,16.53,16.77,5.44,4.179
E8F2914199DC,2021-04-16 01:03:57.000,42.37983704,-71.09893036,20.81,53.82,18.37,21.3,23.11,5.35,4.173
E8F2914199DC,2021-04-16 01:04:18.000,42.37972641,-71.09894562,20.75,53.76,15.88,16.79,16.79,5.42,4.176
E8F2914199DC,2021-04-16 01:05:00.000,42.37988663,-71.09902191,20.81,53.68,13.5,15.34,16.38,5.69,4.181
E8F2914199DC,2021-04-16 01:05:21.000,42.37992477,-71.09906006,20.67,53.31,10.28,10.87,10.87,5.14,4.166
E8F2914199DC,2021-04-16 01:05:42.000,42.37990189,-71.09903717,20.81,53.78,19.95,22.31,23.48,5.55,4.169
E8F2914199DC,2021-04-16 01:06:03.000,42.37989426,-71.09905243,20.81,53.71,23.51,24.86,24.86,5.63,4.172
E8F2914199DC,2021-04-16 01:06:24.000,42.37988281,-71.09902191,20.81,53.71,12.91,15.12,16.54,5.42,4.185
E8F2914199DC,2021-04-16 01:06:45.000,42.37992477,-71.09900665,20.81,53.59,15.77,16.68,16.68,5.26,4.184
E8F2914199DC,2021-04-16 01:07:06.000,42.38000107,-71.09910583,20.56,53.66,12.94,14.37,15.03,5.74,4.172
E8F2914199DC,2021-04-16 01:07:27.000,42.37998581,-71.09906769,20.56,53.7,13.12,13.88,13.88,5.33,4.182
E8F2914199DC,2021-04-16 01:07:48.000,42.38000488,-71.09896851,20.66,54.03,13.31,14.08,14.08,5.33,4.179
E8F2914199DC,2021-04-16 01:08:09.000,42.37999344,-71.09902954,20.75,52.21,11.77,12.45,12.45,4.43,4.173
E8F2914199DC,2021-04-16 01:08:30.000,42.37992096,-71.09903717,20.81,53.48,12.5,13.22,13.22,4.61,4.172
E8F2914199DC,2021-04-16 01:08:51.000,42.37991714,-71.09906769,20.69,54.04,19.32,21.09,21.72,5.29,4.166
E8F2914199DC,2021-04-16 01:09:12.000,42.37988663,-71.09896851,20.81,54.42,16.16,17.08,17.08,7.96,4.184
E8F2914199DC,2021-04-16 01:09:33.000,42.37991714,-71.09895325,20.81,54.34,17.41,18.41,18.41,5.37,4.173
E8F2914199DC,2021-04-16 01:09:54.000,42.37994385,-71.09895325,20.69,54.06,15.05,16.86,17.77,5.71,4.182
E8F2914199DC,2021-04-16 01:10:15.000,42.37980652,-71.0989151,20.69,54.1,14.44,15.27,15.27,6.01,4.179
E8F2914199DC,2021-04-16 01:10:36.000,42.37988663,-71.0990448,20.69,53.97,19.95,21.87,22.62,6.22,4.169
E8F2914199DC,2021-04-16 01:10:57.000,42.38004303,-71.09906006,20.69,54.34,15.44,16.54,16.74,5.97,4.182
E8F2914199DC,2021-04-16 01:11:18.000,42.38006973,-71.09908295,20.81,54.4,14.82,15.68,15.68,6,4.188
E8F2914199DC,2021-04-16 01:11:39.000,42.38004303,-71.09907532,20.54,54.18,17.17,18.16,18.16,5.96,4.17
E8F2914199DC,2021-04-16 01:12:00.000,42.38000488,-71.09900665,20.57,54.12,12.74,13.47,13.47,5.89,4.179
E8F2914199DC,2021-04-16 01:12:21.000,42.38002014,-71.09905243,20.81,54.47,15.14,16.01,16.01,5.89,4.164
E8F2914199DC,2021-04-16 01:12:42.000,42.38002396,-71.09903717,20.58,54.09,13.7,14.49,14.49,5.87,4.179
E8F2914199DC,2021-04-16 01:13:03.000,42.37994766,-71.0990448,20.81,54.07,19.1,20.34,20.47,6.52,4.185
E8F2914199DC,2021-04-16 01:13:24.000,42.3799324,-71.09906006,20.81,54.08,13.03,13.78,13.78,6.08,4.173
E8F2914199DC,2021-04-16 01:13:45.000,42.37988281,-71.09902191,20.69,54.15,17.94,20.16,21.32,6.04,4.175
E8F2914199DC,2021-04-16 01:14:06.000,42.37993622,-71.09912109,20.69,53.95,15.21,16.08,16.08,5.63,4.175
E8F2914199DC,2021-04-16 01:14:27.000,42.37994003,-71.09900665,20.81,54.22,19.75,20.89,20.89,4.11,4.166
E8F2914199DC,2021-04-16 01:14:48.000,42.37992859,-71.09898376,20.69,54.25,22.1,23.38,23.38,5.17,4.178
E8F2914199DC,2021-04-16 01:15:09.000,42.37991714,-71.0990448,20.69,54.12,12.54,13.27,13.27,5.58,4.173
E8F2914199DC,2021-04-16 01:15:30.000,42.37994003,-71.09909821,20.69,53.89,22.93,24.62,24.98,5.7,4.169
E8F2914199DC,2021-04-16 01:15:51.000,42.37998581,-71.09903717,20.56,54,45.38,47.99,47.99,5.65,4.164
E8F2914199DC,2021-04-16 01:16:12.000,42.37995529,-71.09906006,20.43,54.2,34.37,36.68,37.01,6.3,4.173
E8F2914199DC,2021-04-16 01:16:33.000,42.37997055,-71.09907532,20.56,54.43,40.83,43.18,43.18,5.61,4.169
E8F2914199DC,2021-04-16 01:16:53.000,42.37992096,-71.09906006,20.56,54.23,40.77,43.11,43.11,6.06,4.173
E8F2914199DC,2021-04-16 01:17:14.000,42.37994385,-71.09911346,20.56,54.46,44.22,46.76,46.76,5.89,4.167
E8F2914199DC,2021-04-16 01:17:35.000,42.37992477,-71.09907532,20.56,54.65,58.73,62.1,62.1,5.97,4.166
E8F2914199DC,2021-04-16 01:17:57.000,42.37996292,-71.09910583,20.57,54.51,58.85,62.23,62.23,5.86,4.164
E8F2914199DC,2021-04-16 01:18:18.000,42.37994385,-71.09908295,20.56,54.43,85.88,90.82,90.82,5.89,4.173
E8F2914199DC,2021-04-16 01:18:39.000,42.37991333,-71.09908295,20.56,54.43,98.41,104.07,104.07,5.72,4.166
E8F2914199DC,2021-04-16 01:19:00.000,42.38004684,-71.09906769,20.56,54.86,116.67,123.38,123.38,6.22,4.167
E8F2914199DC,2021-04-16 01:19:21.000,42.38006973,-71.09909058,20.5,54.62,119.76,126.64,126.64,5.69,4.166
E8F2914199DC,2021-04-16 01:19:42.000,42.37993622,-71.09905243,20.43,54.55,115.1,121.71,121.71,6.28,4.161
E8F2914199DC,2021-04-16 01:20:03.000,42.37975693,-71.09903717,20.34,54.49,136.86,144.72,144.72,5.71,4.16
E8F2914199DC,2021-04-16 01:20:24.000,42.37976074,-71.09907532,20.62,54.73,139.37,147.38,147.38,5.95,4.172
E8F2914199DC,2021-04-16 01:20:45.000,42.37981033,-71.09909821,20.37,54.61,136.82,144.68,144.68,6.33,4.166
E8F2914199DC,2021-04-16 01:21:06.000,42.37962723,-71.09903717,20.56,54.24,118.12,124.91,124.91,5.6,4.163
E8F2914199DC,2021-04-16 01:21:27.000,42.37981033,-71.09902191,20.53,54.5,144.3,152.59,152.59,6.15,4.163
E8F2914199DC,2021-04-16 01:21:48.000,42.38008499,-71.0990448,20.7,54.59,165.18,174.67,174.67,6.05,4.167
E8F2914199DC,2021-04-16 01:22:09.000,42.37980652,-71.09906006,20.43,54.33,151.59,160.3,160.3,5.97,4.163
E8F2914199DC,2021-04-16 01:22:30.000,42.37982941,-71.09911346,20.5,54.56,176.23,186.36,186.36,5.86,4.169
E8F2914199DC,2021-04-16 01:22:51.000,42.37988281,-71.09911346,20.56,54.72,194.69,205.88,205.88,5.88,4.166
E8F2914199DC,2021-04-16 01:23:12.000,42.37990189,-71.09909821,20.43,54.47,188.94,199.8,199.8,5.75,4.166
E8F2914199DC,2021-04-16 01:23:33.000,42.37988281,-71.09910583,20.41,54.58,187.45,198.22,198.22,5.98,4.164
E8F2914199DC,2021-04-16 01:23:54.000,42.379879,-71.09911346,20.41,54.44,181.25,191.66,191.66,5.91,4.164
E8F2914199DC,2021-04-16 01:24:15.000,42.379879,-71.0990448,20.47,54.39,201.23,212.79,212.79,5.9,4.169
E8F2914199DC,2021-04-16 01:24:36.000,42.37986374,-71.09901428,20.43,54.58,182.44,192.93,192.93,6.1,4.164
E8F2914199DC,2021-04-16 01:24:57.000,42.37989807,-71.09894562,20.37,54.71,200.53,214.52,216.91,5.97,4.155
E8F2914199DC,2021-04-16 01:25:18.000,42.3799324,-71.09898376,20.5,54.56,198.83,211.98,213.65,6.13,4.16
E8F2914199DC,2021-04-16 01:25:39.000,42.37998581,-71.09896088,20.56,54.45,209.79,221.84,221.84,5.86,4.154
E8F2914199DC,2021-04-16 01:26:00.000,42.38002396,-71.09900665,20.44,54.52,226.17,239.16,239.16,5.86,4.154
E8F2914199DC,2021-04-16 01:26:21.000,42.37996292,-71.09886169,20.47,54.71,230.3,243.53,243.53,5.74,4.161
E8F2914199DC,2021-04-16 01:26:42.000,42.37998581,-71.0989151,20.37,54.44,219.39,232,232,5.73,4.164
E8F2914199DC,2021-04-16 01:27:03.000,42.38000107,-71.0989151,20.43,54.23,251.82,266.29,266.29,5.92,4.151
E8F2914199DC,2021-04-16 01:27:24.000,42.37986755,-71.09899902,20.56,54.42,221.53,234.26,234.25,5.86,4.16
E8F2914199DC,2021-04-16 01:27:45.000,42.37984467,-71.09918213,20.41,54.42,229.09,242.25,242.25,6.01,4.163
E8F2914199DC,2021-04-16 01:28:06.000,42.37994385,-71.09903717,20.43,54.55,233.47,246.89,246.89,5.76,4.157
E8F2914199DC,2021-04-16 01:28:27.000,42.37976456,-71.09896851,20.45,54.41,239.45,253.21,253.21,6.1,4.163
E8F2914199DC,2021-04-16 01:28:48.000,42.37980652,-71.09899139,20.44,54.36,246.66,260.83,260.83,5.78,4.155
E8F2914199DC,2021-04-16 01:29:09.000,42.37989426,-71.09896851,20.43,54.3,236.07,249.64,249.64,6.09,4.163
E8F2914199DC,2021-04-16 01:29:30.000,42.37996674,-71.09893799,20.56,54.52,252.05,266.53,266.53,5.93,4.16
E8F2914199DC,2021-04-16 01:29:51.000,42.3799057,-71.09912109,20.56,54.72,237.93,251.61,251.61,5.74,4.149
E8F2914199DC,2021-04-16 01:30:12.000,42.38004303,-71.09903717,20.42,54.34,251.35,265.79,265.79,5.59,4.157
E8F2914199DC,2021-04-16 01:30:33.000,42.3800354,-71.09889984,20.37,54.3,280.5,296.62,296.62,5.64,4.154
E8F2914199DC,2021-04-16 01:30:54.000,42.38013458,-71.09913635,20.56,54.53,255.19,269.85,269.85,5.78,4.16
E8F2914199DC,2021-04-16 01:31:15.000,42.38010025,-71.09916687,20.43,54.26,276.17,292.04,292.04,5.67,4.149
E8F2914199DC,2021-04-16 01:31:36.000,42.38000488,-71.09915161,20.58,54.43,275.96,291.81,291.81,5.79,4.149
E8F2914199DC,2021-04-16 01:31:57.000,42.37987137,-71.09906769,20.58,54.52,271.22,286.8,286.8,5.67,4.155
E8F2914199DC,2021-04-16 01:32:18.000,42.38004303,-71.0990448,20.5,54.44,284.27,300.6,300.6,5.63,4.148
E8F2914199DC,2021-04-16 01:32:39.000,42.38008881,-71.09908295,20.43,54.58,281.75,297.93,297.93,5.66,4.152
E8F2914199DC,2021-04-16 01:33:00.000,42.38004303,-71.09915161,20.38,54.6,302.73,320.13,320.13,5.56,4.158
E8F2914199DC,2021-04-16 01:33:21.000,42.37998199,-71.09903717,20.62,54.43,250.62,265.02,265.02,5.71,4.148
E8F2914199DC,2021-04-16 01:33:42.000,42.3801651,-71.09906006,20.43,54.39,289.81,306.46,306.46,6.04,4.155
E8F2914199DC,2021-04-16 01:34:03.000,42.3801651,-71.09906769,20.44,54.54,292.34,309.14,309.14,5.71,4.155
E8F2914199DC,2021-04-16 01:34:24.000,42.37965393,-71.09907532,20.37,54.25,271.99,287.62,287.62,5.68,4.152
E8F2914199DC,2021-04-16 01:34:45.000,42.37979889,-71.09902191,20.37,54.26,308.57,326.3,326.3,5.63,4.155
E8F2914199DC,2021-04-16 01:35:06.000,42.37998199,-71.09902191,20.43,54.66,275.72,291.56,291.56,5.67,4.157
E8F2914199DC,2021-04-16 01:35:27.000,42.37996292,-71.09902191,20.5,54.6,301.86,319.21,319.21,5.97,4.152
E8F2914199DC,2021-04-16 01:35:48.000,42.37998962,-71.0990448,20.41,54.36,311.53,329.43,329.43,5.44,4.155
E8F2914199DC,2021-04-16 01:36:09.000,42.3800621,-71.09899139,20.56,54.48,272.16,287.8,287.79,5.58,4.145
E8F2914199DC,2021-04-16 01:36:30.000,42.38007355,-71.09894562,20.34,54.54,288.2,304.76,304.76,5.41,4.154
E8F2914199DC,2021-04-16 01:36:51.000,42.37995911,-71.09897614,20.41,54.38,285.91,302.33,302.33,5.54,4.161
E8F2914199DC,2021-04-16 01:37:12.000,42.37996292,-71.09889984,20.3,54.42,294.91,311.85,311.85,5.68,4.151
E8F2914199DC,2021-04-16 01:37:33.000,42.38012314,-71.09886932,20.43,54.41,327.47,346.29,346.29,5.75,4.157
E8F2914199DC,2021-04-16 01:37:54.000,42.37995148,-71.09893036,20.41,54.34,298.01,315.13,315.13,5.66,4.149
E8F2914199DC,2021-04-16 01:38:15.000,42.37979126,-71.0990448,20.5,54.31,294.24,311.15,311.15,5.51,4.145
E8F2914199DC,2021-04-16 01:38:36.000,42.37979889,-71.09902191,20.46,54.35,298.38,315.53,315.53,5.66,4.161
E8F2914199DC,2021-04-16 01:38:57.000,42.37979507,-71.09899139,20.56,54.41,328.41,347.28,347.28,5.26,4.155
E8F2914199DC,2021-04-16 01:39:18.000,42.37975311,-71.09907532,20.43,54.31,298.91,316.09,316.09,5.45,4.14
E8F2914199DC,2021-04-16 01:39:39.000,42.37975311,-71.09906006,20.42,54.55,304.78,322.3,322.3,5.29,4.151
E8F2914199DC,2021-04-16 01:40:00.000,42.37991714,-71.09902954,20.42,54.44,302.69,320.09,320.09,5.6,4.148
E8F2914199DC,2021-04-16 01:40:21.000,42.37994003,-71.09903717,20.34,54.34,310.1,327.92,327.92,5.39,4.149
E8F2914199DC,2021-04-16 01:40:42.000,42.3799324,-71.09896851,20.32,54.51,328.43,347.31,347.31,5.7,4.146
E8F2914199DC,2021-04-16 01:41:03.000,42.37992859,-71.0990448,20.37,54.45,303.63,321.07,321.07,5.54,4.157
E8F2914199DC,2021-04-16 01:41:24.000,42.37995911,-71.0990448,20.37,54.35,310.82,328.68,328.68,5.48,4.149
E8F2914199DC,2021-04-16 01:41:45.000,42.37998581,-71.09887695,20.45,54.36,322.17,340.68,340.68,5.46,4.158
E8F2914199DC,2021-04-16 01:42:06.000,42.37987137,-71.09911346,20.42,54.5,333.67,352.85,352.84,5.7,4.155
E8F2914199DC,2021-04-16 01:42:27.000,42.37979889,-71.09900665,20.42,54.39,328,346.84,346.84,5.45,4.146
E8F2914199DC,2021-04-16 01:42:48.000,42.37990952,-71.09905243,20.44,54.33,362.73,383.57,383.57,5.42,4.145
E8F2914199DC,2021-04-16 01:43:09.000,42.37997818,-71.09907532,20.37,54.44,335.75,355.05,355.05,5.5,4.152
E8F2914199DC,2021-04-16 01:43:30.000,42.37991714,-71.09897614,20.37,54.23,323.86,342.47,342.47,5.52,4.136
E8F2914199DC,2021-04-16 01:43:51.000,42.37983322,-71.09898376,20.53,54.13,308.55,326.28,326.28,5.49,4.145
E8F2914199DC,2021-04-16 01:44:12.000,42.37996674,-71.09905243,20.56,54.25,334.21,353.41,353.41,5.05,4.157
E8F2914199DC,2021-04-16 01:44:33.000,42.37989426,-71.09905243,20.41,54.02,318.95,337.28,337.28,5.22,4.148
E8F2914199DC,2021-04-16 01:44:54.000,42.3798027,-71.09905243,20.38,54.19,310.87,328.73,328.73,5.59,4.145
E8F2914199DC,2021-04-16 01:45:15.000,42.3798027,-71.09905243,20.43,54.21,293.74,310.61,310.61,5.47,4.152
E8F2914199DC,2021-04-16 01:45:36.000,42.37965393,-71.09912872,20.43,54.09,325.82,344.54,344.54,5.29,4.148
E8F2914199DC,2021-04-16 01:45:57.000,42.37975693,-71.09899902,20.32,54.29,330.95,349.96,349.96,5.48,4.146
E8F2914199DC,2021-04-16 01:46:18.000,42.38012695,-71.09875488,20.33,53.99,320.36,338.77,338.77,5.76,4.155
E8F2914199DC,2021-04-16 01:46:39.000,42.37972641,-71.09913635,20.43,54.18,304.12,321.6,321.6,5.42,4.157
E8F2914199DC,2021-04-16 01:47:00.000,42.37971878,-71.09920502,20.56,54.18,333.73,352.91,352.91,5.4,4.149
E8F2914199DC,2021-04-16 01:47:21.000,42.37989807,-71.09902191,20.44,54.21,329.25,348.17,348.17,5.14,4.134
E8F2914199DC,2021-04-16 01:47:42.000,42.38000488,-71.09903717,20.28,54.06,311.14,329.02,329.02,5.17,4.149
E8F2914199DC,2021-04-16 01:48:03.000,42.38000488,-71.09902191,20.43,54.03,326.23,344.98,344.98,5.21,4.14
E8F2914199DC,2021-04-16 01:48:24.000,42.38000488,-71.09902191,20.32,54.15,325.61,344.32,344.32,5.39,4.158
E8F2914199DC,2021-04-16 01:48:45.000,42.37996292,-71.09906006,20.45,54.01,307.01,324.65,324.65,5.35,4.146
E8F2914199DC,2021-04-16 01:49:06.000,42.38004684,-71.09890747,20.33,53.8,326.68,345.46,345.46,4.89,4.143
E8F2914199DC,2021-04-16 01:49:27.000,42.38001251,-71.09900665,20.32,53.89,365.56,386.56,386.56,5.05,4.142
E8F2914199DC,2021-04-16 01:49:48.000,42.37999725,-71.09896851,20.43,53.81,318.21,336.5,336.5,5.14,4.149
E8F2914199DC,2021-04-16 01:50:09.000,42.37966537,-71.09918213,20.43,53.96,348.73,368.77,368.77,5.47,4.14
E8F2914199DC,2021-04-16 01:50:30.000,42.37966537,-71.09918213,20.43,53.72,334.09,353.29,353.29,5.43,4.139
E8F2914199DC,2021-04-16 01:50:51.000,42.37982941,-71.09911346,20.43,53.77,320.07,338.46,338.46,5.03,4.143
E8F2914199DC,2021-04-16 01:51:12.000,42.37977219,-71.09919739,20.44,53.8,325.7,344.41,344.41,5.03,4.142
E8F2914199DC,2021-04-16 01:51:33.000,42.37976074,-71.09912109,20.56,53.85,345.67,365.53,365.53,5.28,4.137
E8F2914199DC,2021-04-16 01:51:54.000,42.37984467,-71.0993042,20.43,53.73,348.33,368.35,368.35,5.07,4.143
E8F2914199DC,2021-04-16 01:52:15.000,42.37982178,-71.09912872,20.41,53.87,353.6,373.91,373.91,5.25,4.146
E8F2914199DC,2021-04-16 01:52:36.000,42.37992477,-71.09894562,20.5,53.77,355.77,376.22,376.22,4.92,4.137
E8F2914199DC,2021-04-16 01:52:57.000,42.37982178,-71.09908295,20.56,53.78,331.04,350.06,350.06,5.12,4.142
E8F2914199DC,2021-04-16 01:53:18.000,42.37976837,-71.09918976,20.43,53.59,339.37,358.87,358.87,4.83,4.151
E8F2914199DC,2021-04-16 01:53:39.000,42.37988663,-71.09899139,20.56,53.65,386.75,408.98,408.98,5.14,4.143
E8F2914199DC,2021-04-16 01:54:00.000,42.37984467,-71.09893036,20.43,53.82,348.03,368.03,368.03,5.1,4.136
E8F2914199DC,2021-04-16 01:54:21.000,42.37969971,-71.09908295,20.43,53.69,347.94,367.94,367.94,5.23,4.143
E8F2914199DC,2021-04-16 01:54:43.000,42.37983322,-71.09903717,20.41,53.67,354.88,375.28,375.28,5.08,4.146
E8F2914199DC,2021-04-16 01:55:04.000,42.37983322,-71.09903717,20.43,53.72,361.18,381.93,381.93,5.28,4.136
E8F2914199DC,2021-04-16 01:55:25.000,42.37983322,-71.09903717,20.43,53.72,351.76,371.97,371.97,5.18,4.136
E8F2914199DC,2021-04-16 01:55:46.000,42.37926865,-71.1007309,20.5,53.73,361.58,382.36,382.36,5.08,4.131
E8F2914199DC,2021-04-16 01:56:07.000,42.37921524,-71.10113525,20.58,53.78,349.11,369.17,369.17,5,4.145
E8F2914199DC,2021-04-16 01:56:28.000,42.37921524,-71.10113525,20.37,53.58,367.93,389.07,389.07,5.26,4.13
E8F2914199DC,2021-04-16 01:56:48.000,42.37967682,-71.09923553,20.53,53.68,375.7,397.29,397.29,5.03,4.149
E8F2914199DC,2021-04-16 01:57:09.000,42.37976456,-71.09906769,20.56,53.65,354.39,374.76,374.76,5.1,4.133
E8F2914199DC,2021-04-16 01:57:30.000,42.37984467,-71.09906769,20.43,53.49,360.32,381.02,381.02,5.16,4.142
E8F2914199DC,2021-04-16 01:57:52.000,42.37984467,-71.0990448,20.56,53.53,385.88,408.06,408.06,5.14,4.133
E8F2914199DC,2021-04-16 01:58:13.000,42.37983704,-71.09907532,20.5,53.74,377.44,399.13,399.13,5.08,4.136
E8F2914199DC,2021-04-16 01:58:34.000,42.37992859,-71.09902954,20.36,53.59,405.99,429.32,429.32,4.78,4.134
E8F2914199DC,2021-04-16 01:58:55.000,42.38005066,-71.09880829,20.58,53.69,406.32,429.67,429.67,5.08,4.139
E8F2914199DC,2021-04-16 01:59:16.000,42.38001251,-71.09902954,20.43,53.39,359.09,379.73,379.73,4.78,4.133
E8F2914199DC,2021-04-16 01:59:37.000,42.37981033,-71.09928894,20.57,53.11,406.48,429.84,429.84,4.25,4.137
E8F2914199DC,2021-04-16 01:59:58.000,42.37996292,-71.09915161,20.58,53.13,468.22,495.13,495.13,4.69,4.14
E8F2914199DC,2021-04-16 02:00:19.000,42.3800621,-71.09911346,20.75,53.11,455.82,482.01,482.01,4.43,4.14
E8F2914199DC,2021-04-16 02:00:40.000,42.37999725,-71.09900665,20.58,52.85,462.7,489.78,490.25,4.87,4.136
E8F2914199DC,2021-04-16 02:01:00.000,42.37988663,-71.09889221,20.69,52.97,454.16,480.25,480.25,4.53,4.134
E8F2914199DC,2021-04-16 02:01:21.000,42.3799057,-71.09895325,20.69,52.78,464.51,491.2,491.2,4.47,4.13
E8F2914199DC,2021-04-16 02:01:42.000,42.37990952,-71.09901428,20.81,52.88,481.74,509.42,509.42,4.28,4.127
E8F2914199DC,2021-04-16 02:02:03.000,42.37992477,-71.09903717,20.81,52.75,471.35,498.44,498.44,4.43,4.136
E8F2914199DC,2021-04-16 02:02:24.000,42.37987518,-71.09906006,20.6,52.61,506.48,537.63,539.62,5.19,4.133
E8F2914199DC,2021-04-16 02:02:45.000,42.37984467,-71.09923553,20.69,52.73,475.72,505.17,507.22,5.19,4.139
E8F2914199DC,2021-04-16 02:03:06.000,42.37992477,-71.09909058,20.81,52.6,485.08,512.95,512.95,4.79,4.133
E8F2914199DC,2021-04-16 02:03:27.000,42.37994385,-71.09895325,20.69,52.71,469.83,496.83,496.83,4.52,4.128
E8F2914199DC,2021-04-16 02:03:48.000,42.38011169,-71.09883118,20.58,52.78,478.45,505.94,505.94,4.7,4.133
E8F2914199DC,2021-04-16 02:04:09.000,42.38020325,-71.09867859,20.8,52.84,436.82,463.81,465.66,3.33,4.137
E8F2914199DC,2021-04-16 02:04:30.000,42.38012314,-71.09887695,20.81,52.91,410.95,435.93,437.25,3.78,4.131
E8F2914199DC,2021-04-16 02:04:51.000,42.38011169,-71.09882355,20.58,53.24,440.39,465.69,465.69,5.28,4.128
E8F2914199DC,2021-04-16 02:05:13.000,42.37999344,-71.09883881,20.62,52.87,417.91,441.93,441.93,3.75,4.142
E8F2914199DC,2021-04-16 02:05:34.000,42.37999344,-71.09881592,20.57,52.91,418.05,442.07,442.07,4.03,4.143
E8F2914199DC,2021-04-16 02:05:55.000,42.37992477,-71.0989151,20.81,53.15,437.6,462.75,462.75,4.29,4.134
E8F2914199DC,2021-04-16 02:06:15.000,42.37994385,-71.09883881,20.62,53,413.38,437.13,437.13,4.07,4.136
E8F2914199DC,2021-04-16 02:06:36.000,42.37993622,-71.09880829,20.81,52.99,408.69,432.18,432.18,4.36,4.14
E8F2914199DC,2021-04-16 02:06:57.000,42.38000488,-71.09872437,20.81,52.81,396.98,419.79,419.79,4.15,4.134
